Id,Price ($)
1,1339.5794999999987
2,1727.6442000000004
3,2581.622300000001
4,1152.3786999999995
5,1232.989599999999
6,1416.4483999999998
7,3540.4576999999963
8,2929.548100000002
9,2528.9900000000007
10,2362.5885999999996
11,3968.3057999999965
12,2948.861200000003
13,2491.0623000000005
14,4430.228899999996
15,1990.0301999999988
16,3588.5012
17,3579.385799999999
18,884.1902
19,2439.3097000000007
20,2168.7408999999993
21,2580.0427000000013
22,1611.6197999999997
23,2476.5544
24,2400.3696999999993
25,1543.5787999999995
26,1629.6522000000002
27,1934.3090000000002
28,2035.0518999999997
29,2135.8385
30,3352.197199999998
31,5842.064000000001
32,3100.521300000001
33,1713.455299999998
34,2591.8574
35,2416.0099
36,2136.0982999999997
37,1188.4943999999994
38,852.8485999999996
39,914.5007000000002
40,903.0640000000004
41,1111.3287000000007
42,2637.4688
43,2212.444500000001
44,5460.783699999999
45,1695.7528999999988
46,4002.9312999999966
47,4777.298799999999
48,1837.2223999999994
49,1738.391300000001
50,4477.932699999997
51,1078.4808999999998
52,2028.9178999999997
53,1886.5136999999993
54,1958.1396999999988
55,992.3217999999999
56,1891.657899999999
57,1348.9067000000005
58,3459.4801999999977
59,1323.7895999999998
60,923.704
61,1506.0168999999996
62,1655.8634000000006
63,2090.1331000000005
64,1941.3352000000002
65,2223.491899999999
66,4735.180799999998
67,1546.3213999999998
68,2920.1759000000015
69,2068.3296999999993
70,1670.4516000000012
71,3193.6225
72,1072.2440999999992
73,2115.9060999999997
74,1322.7028999999986
75,3618.5049999999983
76,3083.0969000000014
77,2536.089000000001
78,1470.1436000000008
79,725.077
80,1717.9048000000005
81,3965.1602
82,5438.093800000003
83,1164.3594999999993
84,2713.2147999999997
85,1190.6651999999995
86,2043.6472000000012
87,4213.0041
88,1854.8621000000007
89,2537.9288
90,1763.8383999999999
91,1282.8560000000002
92,2003.4056999999984
93,1416.9008999999992
94,736.0169000000001
95,2135.8003
96,905.4200999999998
97,1986.4688
98,1838.5923
99,3901.8929999999987
100,1073.021299999999
101,5652.537500000001
102,2387.7366
103,3990.8342999999977
104,2625.2063
105,1835.8034
106,2026.7162000000005
107,1313.7089999999992
108,990.1763000000003
109,1538.9103999999993
110,1460.3290999999997
111,2214.5891
112,4311.432
113,842.0511000000001
114,5204.756799999997
115,1451.7029000000005
116,3051.0855999999976
117,2481.8209000000015
118,2502.7236
119,3776.5426999999986
120,1446.9801999999993
121,2172.4084999999973
122,2265.2667999999994
123,4661.799399999996
124,2838.0888000000004
125,1302.3325000000011
126,1321.4071999999996
127,1593.8085999999996
128,3011.767400000001
129,1118.1796000000002
130,3100.7842000000005
131,3117.6268
132,1335.7572
133,2827.9250000000015
134,3234.586100000001
135,2511.6738
136,6607.242199999997
137,2794.3452000000016
138,2571.8328
139,4226.227499999998
140,3108.4284000000002
141,2423.0366999999983
142,3967.4857999999977
143,1232.8778999999995
144,3756.1772999999976
145,3069.1584
146,8858.274999999994
147,1228.7468000000003
148,2266.1234
149,840.7991999999998
150,2846.9294000000027
151,3560.190999999997
152,2889.8411999999976
153,2096.0415000000007
154,6124.741200000001
155,906.9183
156,3022.095
157,2653.794299999998
158,1555.7188999999987
159,2385.6657999999984
160,1003.2929000000005
161,2430.5552999999973
162,2803.1121000000007
163,1859.6937000000003
164,1221.511600000001
165,1094.7388000000003
166,1712.5033999999991
167,1542.2770000000007
168,7136.268400000002
169,1665.0703000000003
170,3144.0792000000015
171,4483.065199999998
172,982.2131000000002
173,1491.6012000000005
174,3747.7661000000016
175,1242.8295999999987
176,1519.3993000000007
177,2153.8140000000003
178,1353.6079
179,3979.3470999999968
180,3026.3755999999994
181,2413.7191999999995
182,1745.5583000000004
183,1823.3207000000004
184,1527.1549999999988
185,2777.0816999999993
186,2357.3939
187,870.1604000000001
188,1544.9337999999998
189,4793.669699999998
190,1781.3925
191,1813.2314000000008
192,621.2367999999998
193,1673.7099000000005
194,1287.0194999999987
195,4381.485599999996
196,1797.7466
197,1625.6179000000006
198,2493.0651000000007
199,1725.0401999999997
200,2776.4011999999975
201,1608.6159000000005
202,1172.9604000000002
203,2101.5125
204,960.7536999999996
205,1762.3578999999995
206,2407.235500000001
207,1487.6906000000004
208,3256.4851999999996
209,4053.9268999999967
210,2516.396600000001
211,4055.976900000001
212,982.6157999999991
213,3654.9456999999966
214,1663.2637999999997
215,3038.805200000001
216,2835.8218999999995
217,1359.7680000000005
218,5470.0085
219,4523.9261
220,3772.178999999998
221,886.4328000000002
222,4123.930400000003
223,1579.1486999999986
224,1429.7410000000007
225,712.4077999999997
226,1604.6826
227,2656.451500000002
228,3011.3428999999996
229,2823.0696
230,3406.6048999999994
231,1569.1158999999993
232,1754.2150999999992
233,1116.3691000000006
234,1239.5616
235,3246.151600000001
236,2562.9628000000002
237,4436.6273999999985
238,1364.9993000000004
239,1260.637199999999
240,1787.9990999999982
241,1317.921
242,2468.181300000002
243,1526.201400000001
244,2561.287300000001
245,2944.7239999999997
246,818.2702000000002
247,1650.348800000001
248,4386.103499999999
249,5117.572500000003
250,1757.2588000000005
251,3019.5565
252,4665.6362999999965
253,957.8964000000004
254,3345.6762999999996
255,2719.5176000000006
256,4308.3568
257,2574.534800000001
258,1563.8454999999997
259,3045.4454999999994
260,2399.4125999999983
261,1959.1381
262,2908.750099999999
263,5415.9184
264,1256.8662999999995
265,2264.3842
266,1217.9677999999997
267,1904.5651999999986
268,2461.8243000000007
269,3740.396599999999
270,2325.1927
271,5384.915100000001
272,6242.558400000001
273,1628.3476000000007
274,1313.4102000000003
275,5562.101599999999
276,856.5355999999994
277,1714.9542999999999
278,3086.9048999999995
279,3378.5615000000003
280,1848.4216999999987
281,1028.550799999999
282,1230.5966000000005
283,983.4956000000003
284,3835.114099999998
285,885.4507000000001
286,3087.8272000000015
287,1057.4837
288,3208.8244000000013
289,1982.651899999999
290,1611.9239999999998
291,2272.3828999999973
292,2195.4397
293,1266.807899999999
294,2587.4482000000007
295,1404.303200000001
296,2422.3687000000004
297,1385.4956999999995
298,3916.641399999999
299,1997.8562000000002
300,2548.5110000000004
301,2935.129000000001
302,2803.4990000000016
303,1437.5900999999994
304,776.7699000000002
305,3446.5140999999985
306,1748.8903999999993
307,1474.4081000000003
308,1826.0000999999997
309,2542.5578999999993
310,1007.1544000000005
311,4702.688099999997
312,6252.204200000005
313,1610.2121000000002
314,2022.4584999999988
315,2100.9069999999997
316,2653.4562000000005
317,5015.986700000003
318,3373.7061000000003
319,1534.7849999999994
320,3359.5306000000005
321,1388.1123
322,1904.8514999999973
323,4961.212399999999
324,3120.8865999999985
325,1514.9474999999993
326,7800.483200000005
327,4347.7758
328,2239.2715000000003
329,1004.6910000000005
330,2866.9977000000003
331,1211.6395000000002
332,1752.2736000000004
333,4312.975099999998
334,1166.116700000001
335,1755.8799
336,2757.134899999998
337,1089.3444000000002
338,1734.5758
339,3162.7815
340,2409.6291000000015
341,1974.1673999999998
342,2811.9643999999994
343,2082.7115999999996
344,2733.917199999999
345,2880.0124000000005
346,2835.581900000002
347,1300.7908
348,3956.1241999999993
349,2382.525099999999
350,3909.1025000000022
351,1837.8166999999996
352,1939.3359
353,1512.7803999999992
354,1052.0854
355,2451.7872000000007
356,2094.834900000001
357,4186.440399999997
358,4350.8266
359,3874.495600000001
360,1621.4688000000015
361,3336.8606000000013
362,4168.650599999998
363,2699.8202999999985
364,1141.9255000000003
365,2865.9723999999987
366,2569.8875000000007
367,1961.6936999999994
368,3098.2742000000035
369,1584.4742999999996
370,2368.6464999999994
371,2940.846000000001
372,539.2212999999999
373,1005.7374999999994
374,3127.0351000000005
375,1713.6025
376,887.9372999999998
377,1611.9817999999996
378,2153.1281000000013
379,7967.043599999999
380,6656.5036
381,2011.9712000000006
382,4772.5027
383,1656.0979
384,1381.6099000000004
385,2286.3546
386,753.2998000000001
387,2177.5232000000005
388,4690.111699999996
389,1908.4944999999984
390,3182.341700000003
391,5504.406300000002
392,1401.7588
393,2395.1711000000005
394,1981.7290000000003
395,1441.5415999999996
396,1784.7676000000006
397,2221.4953999999993
398,1480.522299999999
399,2477.2425999999996
400,1025.9489999999998
401,1772.8483000000012
402,1060.282100000001
403,3854.7378
404,4821.255199999997
405,2675.989000000002
406,2470.218000000001
407,1874.9321999999986
408,1865.3397999999997
409,4290.710399999997
410,914.0578000000006
411,6586.754699999999
412,1794.9517000000012
413,2764.8655999999987
414,1858.030300000002
415,5954.051600000001
416,1519.6759000000013
417,1701.7955999999988
418,3297.4139000000037
419,1621.3808000000004
420,1195.4394000000002
421,2765.174500000002
422,2038.5136000000014
423,2414.257299999999
424,2506.684100000001
425,3783.9478999999997
426,1718.4731999999992
427,851.6581
428,2633.1075999999994
429,1849.949400000001
430,1419.6590999999992
431,4390.103300000001
432,1387.4197999999992
433,9066.5104
434,1627.8513000000014
435,1681.6515999999986
436,3875.2783000000027
437,2759.086799999999
438,1408.7478000000003
439,2729.5752999999995
440,2720.255800000001
441,2906.3574999999983
442,2881.0734000000007
443,1406.478199999999
444,2109.780099999999
445,3593.6615
446,1487.317999999999
447,3009.8780000000006
448,5039.115199999995
449,3289.011300000001
450,1852.9408999999991
451,2346.5147
452,3143.8082999999997
453,3078.298399999999
454,1832.9009000000003
455,3070.713600000001
456,2159.2993000000006
457,4370.917000000001
458,5657.092300000001
459,1873.3175999999987
460,2164.6508000000003
461,2757.8869
462,3110.821000000002
463,2601.4894
464,2016.4453000000008
465,1361.7175000000002
466,2166.4747000000007
467,1736.8778000000007
468,1189.7951999999996
469,2715.1891000000005
470,3446.1552999999985
471,8060.246199999999
472,5515.217499999996
473,1635.6627
474,2083.2403000000004
475,1871.1046
476,1969.6332999999993
477,3305.5139999999997
478,745.0835000000001
479,1922.9416000000006
480,6239.368300000002
481,1598.2733
482,2342.858299999999
483,2361.8204000000005
484,2054.3009000000015
485,1662.8687999999993
486,2453.5049999999997
487,1780.8259000000003
488,2657.579099999998
489,4832.810400000001
490,2103.8028000000013
491,1064.8878000000002
492,1926.7013000000006
493,3665.0406000000007
494,1822.1044000000006
495,1847.157300000001
496,867.5815999999996
497,1338.1839000000002
498,2410.779900000001
499,809.1575999999998
500,1352.0994000000003
501,5690.6431999999995
502,1257.3266000000003
503,2090.9453000000003
504,3280.6222000000007
505,1043.1333000000002
506,1880.0832999999993
507,8117.7339
508,1167.4655
509,1216.1318000000006
510,4308.274399999999
511,3192.5898999999995
512,2666.6060999999986
513,2020.6778000000006
514,1286.9913000000008
515,8880.151099999997
516,1812.8132000000003
517,962.5079
518,987.1106999999994
519,2636.1757000000007
520,4337.979699999999
521,1240.8065
522,1205.4437999999996
523,810.2909999999997
524,1824.800699999999
525,3550.6418999999987
526,2251.8753
527,4592.979599999997
528,4971.7549000000035
529,923.8236999999998
530,905.078
531,1569.2272
532,1535.3432000000003
533,971.8557000000005
534,2028.6643999999985
535,5854.730900000002
536,2298.0751
537,1699.6863999999996
538,1359.8718
539,1021.0204000000008
540,1184.9743
541,3415.7536999999993
542,1761.5859999999996
543,791.1338000000002
544,2640.4750999999983
545,3102.394700000002
546,588.4937
547,892.1159999999998
548,1653.0011999999997
549,2426.3680999999997
550,3967.6044999999986
551,1315.7405
552,4821.085999999999
553,2108.862400000001
554,2696.8395000000005
555,1285.0775999999996
556,826.6086999999995
557,2682.702400000001
558,3384.1820999999986
559,1270.8047000000004
560,529.0087
561,1541.4927999999993
562,5709.006999999996
563,3479.606800000001
564,1669.613799999999
565,933.0949999999995
566,1362.8263999999992
567,2275.2745999999984
568,1020.2625000000006
569,769.9006999999998
570,1453.553399999999
571,1852.2801000000013
572,875.4657000000001
573,919.4754000000003
574,4196.844899999996
575,2082.0376999999994
576,1683.6358999999993
577,3264.277900000001
578,5350.3858999999975
579,5173.829899999996
580,2589.3321999999985
581,2560.422600000001
582,6597.624500000001
583,1358.007199999999
584,1787.0601999999997
585,2742.5190999999973
586,4982.727300000001
587,952.0720000000007
588,3385.7324000000012
589,1674.5653000000007
590,928.9305000000002
591,2119.1830999999997
592,3040.5708999999993
593,1643.9292000000007
594,2576.027
595,2674.2021999999984
596,1464.1224999999995
597,3783.0777
598,1932.3129000000006
599,2416.4801999999995
600,4429.143400000001
601,3934.948499999999
602,1446.7728999999993
603,2092.8405
604,2883.5737
605,2238.5675999999994
606,3200.427100000001
607,979.8050000000004
608,965.7522000000004
609,1150.2327999999993
610,2503.9405000000015
611,1834.1818000000012
612,2485.9244
613,3377.066599999997
614,1354.7396999999996
615,2260.660800000001
616,5564.2571
617,5575.6901
618,3999.9859999999967
619,2300.925599999999
620,1878.9991999999997
621,1204.6895000000002
622,2528.8862
623,2901.2917999999995
624,1007.8331
625,2739.6145
626,3656.498599999998
627,827.8939999999996
628,1507.293500000001
629,1549.3468000000012
630,1909.9569000000001
631,1238.7272999999998
632,2795.6006000000007
633,1769.6304000000011
634,963.9935000000004
635,2604.7145000000005
636,965.4701999999997
637,1930.0894999999991
638,2936.587200000001
639,3225.0312000000004
640,1674.2807999999995
641,2869.7094
642,1897.1718000000005
643,3900.596499999999
644,2458.9071999999987
645,3757.6087999999977
646,1348.3737999999992
647,1929.8371000000009
648,1892.2986000000008
649,2589.7816000000016
650,2449.9241000000015
651,1183.8467999999998
652,1202.5151999999996
653,4641.048799999997
654,2178.9037000000003
655,602.1642000000002
656,1055.9489999999994
657,1842.6207000000006
658,6595.236100000004
659,2812.526100000001
660,1303.8678000000004
661,1991.5200999999984
662,2643.883600000001
663,2218.0986999999996
664,1054.927700000001
665,3394.0757999999983
666,2398.993600000002
667,1847.259599999999
668,3271.268399999998
669,1600.3295
670,841.6359
671,2377.135
672,2579.6544999999983
673,4689.493399999997
674,1508.6867000000004
675,1064.5049
676,2328.021
677,2316.2657000000004
678,1052.4799000000005
679,4282.781099999998
680,2295.5839000000014
681,4565.842399999999
682,4289.264000000003
683,8206.871300000003
684,3892.127500000004
685,2014.1629
686,3626.6869999999994
687,3372.8710999999994
688,3101.618199999999
689,4144.198899999997
690,1085.045
691,4712.324099999998
692,2803.146999999999
693,2385.0177000000017
694,1607.557600000002
695,3516.621599999997
696,3922.1599
697,3517.6165999999976
698,2543.9798
699,2357.744099999997
700,2724.2364000000025
701,1615.908499999999
702,2077.351999999999
703,2325.9887999999996
704,3148.325100000002
705,3086.9778999999958
706,3283.6091000000015
707,4789.0687000000025
708,1032.8352000000004
709,948.9710000000002
710,1750.0404999999987
711,1624.9057999999995
712,3365.5398000000005
713,2285.874399999999
714,3075.2673000000004
715,4784.387100000003
716,4754.991699999997
717,1419.8159999999998
718,2280.0217000000002
719,2347.2550000000024
720,1767.6659999999993
721,2408.4166999999998
722,2216.7842999999993
723,2491.4150999999997
724,1934.3690000000006
725,1893.9427999999998
726,3617.4297
727,1955.6535999999987
728,2833.2385999999983
729,1844.464499999999
730,1853.2337999999986
731,3148.8160000000025
732,4896.117900000001
733,1670.443099999999
734,1904.2275000000002
735,2393.5282999999995
736,5775.610499999998
737,1791.2156999999993
738,1438.7593000000002
739,993.0398000000002
740,1444.9653
741,1853.9811000000007
742,2285.9314000000027
743,2475.917399999999
744,2751.2099999999996
745,2354.5716000000016
746,2011.6276999999995
747,715.0625999999997
748,1265.5412
749,3663.7613999999976
750,4006.0655999999963
751,2668.5820000000012
752,6279.059600000002
753,1474.1837
754,3242.607300000001
755,1181.2644999999993
756,1956.7294999999979
757,2203.441299999998
758,3585.0022000000013
759,4177.717999999996
760,2777.9448000000016
761,2542.5596999999993
762,2221.184099999998
763,2080.9075999999995
764,1749.098699999999
765,2384.7315999999996
766,1675.8169999999998
767,4011.2705999999994
768,3653.115000000001
769,2967.4691000000003
770,1325.4621
771,1007.5321999999995
772,912.1277999999999
773,2230.0480000000007
774,5208.166400000003
775,863.2163000000002
776,2615.4884000000015
777,2418.3755000000015
778,2219.0550000000007
779,1509.1330000000003
780,2251.8182000000015
781,2144.1147999999994
782,941.2607999999993
783,1365.406
784,1416.4934999999998
785,4697.137499999998
786,2645.756000000002
787,1191.056699999999
788,1883.7106999999999
789,1292.8104999999996
790,1533.0155999999997
791,8984.443699999994
792,4832.595199999997
793,3244.7078
794,3076.1746
795,1953.5502000000001
796,974.5321999999993
797,4996.419599999996
798,909.3992999999999
799,5754.502200000001
800,2449.1079999999997
801,995.6510000000001
802,853.4912999999998
803,2058.2095
804,5061.734899999997
805,982.7951999999996
806,1833.5441
807,4826.359199999997
808,2623.8194
809,2648.419799999997
810,3322.8264000000013
811,1869.436999999999
812,4852.786999999999
813,1002.2274999999993
814,2735.4133999999995
815,1733.0805999999993
816,1785.8997
817,2920.504999999999
818,1773.8284999999998
819,2217.6429000000003
820,2468.0119999999997
821,2255.8743
822,2555.754200000001
823,1450.6167000000007
824,1350.9640000000006
825,8007.117799999996
826,1414.2666000000006
827,2587.6166000000017
828,1668.4371000000006
829,1246.9959999999999
830,1236.7069
831,1045.6136999999994
832,1311.0738000000003
833,1341.4677000000001
834,2075.0527999999995
835,1547.3935000000006
836,3035.601699999999
837,942.6900999999999
838,4987.245499999995
839,2694.2201000000014
840,2043.1060000000011
841,871.6195999999999
842,1949.4760000000006
843,3324.3492000000006
844,3712.7582999999977
845,795.5404999999996
846,827.0666999999999
847,1237.1030999999987
848,3964.887400000001
849,1651.8895000000007
850,1738.228899999999
851,2513.588699999999
852,862.1979000000001
853,1098.8963999999994
854,2615.158000000001
855,3528.384299999999
856,4289.556099999995
857,1431.8693999999994
858,1623.8128000000008
859,2782.6159000000007
860,3523.726399999999
861,1861.3160999999977
862,7150.675900000007
863,5456.8932
864,1514.6873999999996
865,2411.131500000001
866,1820.1956999999986
867,1731.5553000000011
868,2995.9766000000036
869,2809.3345000000018
870,2918.4071000000004
871,2451.444999999999
872,990.0868999999993
873,1522.0328999999997
874,1695.9744000000003
875,2764.6854999999987
876,4056.0431999999996
877,1684.2132999999997
878,1328.6480999999992
879,1370.2106000000006
880,3918.5630999999976
881,1705.7751999999991
882,841.1179000000002
883,2071.2519999999995
884,1950.3238000000013
885,1604.9878000000006
886,1955.2802000000008
887,1705.1372000000006
888,2444.674800000001
889,3753.0830999999966
890,3357.6805
891,2327.8677999999995
892,3585.8492000000024
893,1446.7317999999996
894,918.5591000000001
895,4356.542199999999
896,1560.9652999999992
897,900.6583
898,1325.5631999999991
899,1719.598199999999
900,3080.0577000000003
901,1641.2367000000004
902,2126.505
903,3155.805799999999
904,4466.756299999998
905,2862.5737
906,5675.096299999997
907,2018.1200000000003
908,1393.4910000000004
909,2686.888900000001
910,5483.924199999998
911,3536.6193
912,1451.3162
913,1989.0610000000006
914,575.0065999999997
915,815.8903999999998
916,1850.989599999999
917,1158.3838999999996
918,1402.5167000000004
919,2217.0330999999983
920,1790.171899999999
921,5517.7622999999985
922,1140.4965
923,1614.7839999999994
924,2577.232699999998
925,2319.9871000000003
926,1892.1168000000007
927,2059.6397000000006
928,2055.2096000000006
929,1600.1051999999995
930,2036.6140000000005
931,2487.598200000001
932,2174.6231000000007
933,2655.579600000002
934,4991.530999999997
935,1906.675700000001
936,1945.4732000000001
937,1564.8095999999998
938,1623.5057000000004
939,2463.2483999999995
940,3286.385000000003
941,2531.4470999999994
942,5194.594400000001
943,4898.633699999995
944,3460.7309999999993
945,2450.6492000000017
946,1392.0619999999994
947,1682.5516999999995
948,1092.8700000000001
949,4109.080399999999
950,5246.851399999999
951,1672.518399999999
952,2568.5347000000024
953,3404.9223
954,7328.36870000001
955,1640.8756999999996
956,1677.6630000000014
957,1844.570099999999
958,1224.3994000000002
959,2479.1067999999996
960,2087.6871
961,1766.9542999999999
962,1006.8504000000007
963,1756.2426000000005
964,966.0527000000003
965,3978.2819000000018
966,2281.0801999999994
967,2915.577800000002
968,1483.6449999999988
969,2147.861700000001
970,1685.2704999999999
971,2602.1779000000006
972,1920.9942999999996
973,1186.7220999999997
974,1106.1662999999996
975,1587.3772999999994
976,1859.2023999999985
977,1788.877000000001
978,2918.637100000003
979,2237.6315999999997
980,2911.4744999999984
981,1532.5703000000003
982,3823.722699999997
983,1411.7049999999988
984,2751.7825000000007
985,2485.5151
986,4783.373999999997
987,2095.3189000000007
988,1684.8806999999997
989,535.1993000000003
990,2163.1232
991,3574.3431999999993
992,1598.5422000000003
993,3065.5460000000007
994,1269.1762000000003
995,1163.472
996,2528.782099999998
997,2911.0020999999997
998,2892.7803
999,1845.920300000001
1000,2519.9523999999997
1001,7605.463400000004
1002,1713.7088999999999
1003,3112.1733999999997
1004,3274.984100000002
1005,3025.4648999999977
1006,4739.897199999998
1007,795.6046999999999
1008,2581.8129
1009,2347.0429000000017
1010,2047.6669
1011,1895.2124999999996
1012,2135.9303
1013,1783.5774999999994
1014,1085.484500000001
1015,1769.7855000000002
1016,2030.0595999999987
1017,1563.1143000000004
1018,1664.4608999999994
1019,2046.0447000000015
1020,1582.038100000001
1021,2502.8107999999997
1022,1247.7179
1023,1667.5176
1024,1751.2075000000007
1025,2025.388000000002
1026,959.0503000000001
1027,1638.2123000000006
1028,1702.4477999999997
1029,889.0767999999998
1030,1463.7437000000004
1031,1858.4859999999994
1032,1342.4826000000012
1033,894.0993000000001
1034,1813.361699999999
1035,4479.674000000001
1036,4184.2094
1037,4338.667399999998
1038,2132.081200000001
1039,1777.2577000000006
1040,1504.3790000000008
1041,1230.332599999999
1042,3105.280699999997
1043,1714.7769999999987
1044,1055.4300000000003
1045,6085.238500000004
1046,1663.1604000000007
1047,3497.3400999999985
1048,2019.2594999999988
1049,874.6243999999996
1050,2165.9846000000002
1051,4978.780799999998
1052,4886.488399999998
1053,2745.5941
1054,1821.4674999999995
1055,3472.894100000001
1056,1267.6948999999981
1057,1229.5583000000006
1058,1275.3232000000003
1059,1235.2348000000004
1060,1259.6672999999992
1061,981.5925000000002
1062,5934.587499999997
1063,1021.5837999999992
1064,1262.9966000000002
1065,2655.7706
1066,1997.7279000000003
1067,3458.7945999999993
1068,1781.3970999999976
1069,2388.0726000000004
1070,3080.9451000000017
1071,4098.2955999999995
1072,1714.6163999999999
1073,3691.5696000000003
1074,591.6322999999999
1075,2244.4516999999996
1076,2246.9623000000015
1077,2966.172100000002
1078,1308.4908999999996
1079,929.6514999999999
1080,1475.6818999999994
1081,3114.2636000000016
1082,1353.2835
1083,1877.6674999999998
1084,1471.6782
1085,1760.0292999999992
1086,3619.3982999999985
1087,799.5437
1088,1941.0161999999984
1089,5213.420999999998
1090,2562.3617000000004
1091,1433.8884999999989
1092,4399.164199999998
1093,871.2704000000001
1094,1420.1334999999997
1095,1003.7368999999994
1096,2212.0159999999996
1097,5015.222199999998
1098,4132.151299999999
1099,1323.5306999999991
1100,1123.6865999999998
1101,1169.5275
1102,3871.1281000000017
1103,3235.3496000000014
1104,5483.885099999998
1105,2447.644899999999
1106,3446.4939
1107,2495.4040999999997
1108,1295.6624000000008
1109,3589.8432999999995
1110,1708.0355999999983
1111,1536.4899000000003
1112,1221.8066000000008
1113,4456.071
1114,1632.9002999999998
1115,1895.4911
1116,1079.5824999999995
1117,2493.6418000000012
1118,2627.7927999999997
1119,3151.7831999999967
1120,3945.8062999999984
1121,2705.1387000000013
1122,1237.7857999999999
1123,3476.8149999999996
1124,1786.2989999999988
1125,1242.2018999999998
1126,1298.4146000000003
1127,1457.0406
1128,2067.289499999999
1129,1747.3057000000001
1130,2740.9928000000014
1131,965.1924999999994
1132,1881.9151999999988
1133,3717.3336000000018
1134,2151.4639999999995
1135,2033.9111000000007
1136,1573.0943999999997
1137,5679.6280000000015
1138,1118.9241999999997
1139,2290.9293999999986
1140,2019.4380000000006
1141,1849.4657999999988
1142,1460.8694999999996
1143,829.9131000000001
1144,2665.502300000001
1145,1775.830400000001
1146,1766.7691999999997
1147,3539.324700000001
1148,1560.8212000000003
1149,1269.9518999999998
1150,795.7330000000001
1151,4496.417799999999
1152,1710.0505000000003
1153,1049.2429000000002
1154,2216.432699999998
1155,3828.8496999999993
1156,2566.171099999998
1157,1257.9174999999998
1158,917.2985000000004
1159,3625.419100000001
1160,1833.9247999999995
1161,8043.529899999998
1162,988.2643000000005
1163,2792.631700000001
1164,2133.724200000002
1165,1369.2983999999994
1166,805.9834999999999
1167,989.9293999999994
1168,816.6347999999995
1169,2992.949400000003
1170,1863.4147999999998
1171,1891.630200000001
1172,831.5745999999999
1173,1358.1001999999996
1174,2326.997499999998
1175,1551.5771999999995
1176,768.4022000000001
1177,1410.0703
1178,3022.7530000000024
1179,2799.8978
1180,2443.0590999999995
1181,2752.3340000000007
1182,3421.3581000000013
1183,1955.6638
1184,943.7530000000005
1185,1891.0117000000005
1186,5661.264900000001
1187,2031.5283000000009
1188,4674.628000000004
1189,1743.965099999999
1190,1720.9621
1191,804.2424999999996
1192,1205.5602000000006
1193,3141.2036000000016
1194,2046.5600000000004
1195,2203.3245000000006
1196,3447.5373999999993
1197,1013.1923000000003
1198,2450.401299999998
1199,2954.763599999999
1200,1613.7556000000009
1201,1904.4451
1202,1707.3778999999997
1203,1860.9524000000006
1204,2781.443000000001
1205,4509.0920999999935
1206,1412.1142000000004
1207,908.5326
1208,819.1554
1209,1358.2019999999998
1210,1803.6712999999997
1211,3541.0777
1212,4602.9392000000025
1213,1507.6357000000003
1214,1319.3278000000003
1215,2145.9254999999994
1216,2191.2355999999995
1217,7409.152899999998
1218,1335.6817999999998
1219,7094.7022
1220,2435.377399999999
1221,2871.5637000000006
1222,1858.8386999999996
1223,1889.1176999999993
1224,6813.656900000001
1225,2616.4285000000004
1226,1288.0083000000002
1227,2495.7418999999995
1228,2250.4884999999986
1229,2031.6500000000008
1230,7076.070500000004
1231,991.4475000000001
1232,2798.160399999998
1233,3036.7146000000007
1234,1767.7775
1235,1475.1005000000002
1236,1417.8561999999993
1237,859.7347999999998
1238,1178.5358999999999
1239,1718.308599999998
1240,3416.5310000000004
1241,903.8723000000007
1242,2018.685
1243,949.2333999999998
1244,1982.3495000000012
1245,2260.5352000000007
1246,1096.3962000000001
1247,3388.3336
1248,3043.8779999999992
1249,3352.0390000000007
1250,1561.6774999999989
1251,1792.168700000001
1252,2971.5382999999997
1253,2594.4764999999984
1254,3268.5493999999994
1255,4354.1129999999985
1256,2450.8346
1257,2689.222499999999
1258,2375.900900000001
1259,2211.0541
1260,1431.403599999999
1261,2086.3948999999993
1262,1808.1558000000005
1263,1490.8841000000002
1264,1704.1652000000008
1265,1117.5262000000005
1266,1211.6804999999986
1267,2155.4503000000004
1268,4247.844399999997
1269,2569.9732000000017
1270,1940.925099999999
1271,2496.3163000000013
1272,1694.9641999999992
1273,3772.595199999999
1274,1594.0099999999993
1275,1664.0942999999988
1276,3157.622900000002
1277,2560.0163000000007
1278,3078.7000000000007
1279,3451.899500000001
1280,3507.1582
1281,3633.6614
1282,3133.164099999999
1283,1029.8378
1284,2590.694400000001
1285,794.5084999999999
1286,4582.393200000002
1287,2601.2250999999997
1288,2491.9693000000016
1289,2016.9022000000007
1290,2208.8465999999994
1291,2094.6263
1292,1747.7508000000003
1293,2970.3790000000026
1294,1011.4125999999997
1295,2240.756199999999
1296,2448.672900000001
1297,2455.2465999999995
1298,2417.3319999999994
1299,2773.531100000003
1300,3242.042200000001
1301,1525.0072000000011
1302,2719.0718000000006
1303,6194.665200000002
1304,980.9379999999998
1305,2096.8228000000013
1306,2402.6705000000006
1307,2729.1723
1308,1760.8515999999988
1309,594.911
1310,3247.8857000000003
1311,1121.8133000000003
1312,1602.4581999999998
1313,5130.154899999998
1314,3290.8354000000004
1315,1092.7796999999994
1316,2337.4787000000015
1317,2454.4896999999987
1318,2127.844500000002
1319,3507.7246999999998
1320,1536.073900000001
1321,1776.9090000000003
1322,4199.9299
1323,1603.9584
1324,3595.2844
1325,3371.3032999999978
1326,3630.7608000000014
1327,2837.5977000000003
1328,2139.4015000000013
1329,2192.417399999999
1330,1504.6316999999992
1331,1483.5236999999993
1332,1378.1300999999987
1333,1911.178300000001
1334,3808.2961999999984
1335,821.4843000000002
1336,1500.0134000000007
1337,2939.9939999999992
1338,4218.102199999999
1339,1365.6003999999991
1340,1332.2295000000006
1341,1662.2082999999998
1342,1704.7411999999988
1343,5157.7366999999995
1344,1965.7547000000004
1345,2400.218699999999
1346,993.6314999999994
1347,2658.5191000000004
1348,3824.0568999999978
1349,2651.155299999999
1350,2723.0344999999984
1351,2824.9596
1352,1975.9256999999986
1353,4108.883399999998
1354,2369.4635
1355,1726.4087000000009
1356,4231.1824
1357,3123.939
1358,1528.628500000001
1359,2887.8333999999995
1360,899.5033999999995
1361,2011.2639999999994
1362,2735.959700000001
1363,3017.0597000000002
1364,1168.0489000000005
1365,3505.9215000000004
1366,2428.7098000000005
1367,1560.8524999999997
1368,2816.2853000000005
1369,3614.571700000002
1370,3221.4287
1371,1653.4243000000001
1372,1049.5805999999993
1373,3512.258999999999
1374,1643.9120999999993
1375,2530.313799999999
1376,1635.0291999999995
1377,2108.1179
1378,1604.763299999999
1379,640.8775999999998
1380,1741.2218999999998
1381,1980.9322999999997
1382,2561.0792000000015
1383,1584.9568999999985
1384,1404.1219
1385,4136.756799999998
1386,2819.3259000000003
1387,2532.1536000000015
1388,4137.3786
1389,2665.8257
1390,5604.591099999999
1391,902.7950000000002
1392,1916.2679999999975
1393,726.3690000000003
1394,1646.6171000000004
1395,4583.263399999999
1396,944.9222999999995
1397,1682.9272000000003
1398,836.6688999999997
1399,2852.3065
1400,2812.407599999998
1401,1619.4419999999986
1402,1492.6308999999994
1403,1021.2961000000003
1404,2317.9500000000016
1405,792.4669000000005
1406,2873.711900000001
1407,1697.3395000000005
1408,1894.0547000000004
1409,2825.840399999998
1410,3896.929699999998
1411,4533.040900000002
1412,2837.7831
1413,3791.649499999999
1414,2590.0038999999997
1415,2611.997700000001
1416,795.4565000000001
1417,6087.4072
1418,1722.4554999999998
1419,983.0602999999995
1420,1325.7246000000002
1421,2166.519799999999
1422,2191.6141
1423,1446.463000000001
1424,4727.130400000004
1425,2219.2130999999986
1426,1419.0119
1427,2709.6148999999978
1428,2078.0504999999994
1429,1573.8659999999998
1430,951.1302999999994
1431,2692.7518000000023
1432,4144.6798
1433,2586.5785999999985
1434,5041.179299999999
1435,802.6506000000003
1436,1272.106599999999
1437,4285.550700000003
1438,3939.625799999999
1439,3262.508700000001
1440,2078.2064999999993
1441,2788.4044
1442,1252.7678
1443,1850.855800000001
1444,4520.209
1445,5841.838600000002
1446,1783.5241999999978
1447,5443.755900000001
1448,2459.3735
1449,3309.037800000003
1450,2648.450300000001
1451,2436.7032999999983
1452,1538.5785
1453,4744.593099999997
1454,620.0432000000004
1455,809.9965
1456,3011.186100000002
1457,5857.469399999998
1458,2886.7653999999998
1459,2197.534299999999
1460,1265.9003999999984
1461,1843.5787000000012
1462,1079.8003999999999
1463,1276.8971000000015
1464,4407.315500000001
1465,3314.9545000000003
1466,4490.4006999999965
1467,5575.943300000001
1468,3053.515799999999
1469,879.3755999999995
1470,992.1054999999996
1471,2514.4646
1472,3009.4238999999984
1473,1413.4205000000002
1474,2763.6551000000013
1475,3288.458500000002
1476,4371.6669
1477,1472.5664999999995
1478,1092.3367000000005
1479,3736.949899999998
1480,1613.0664000000004
1481,3106.7258000000015
1482,2281.094200000001
1483,3439.1208000000006
1484,1491.6513
1485,3701.772200000002
1486,3410.794299999998
1487,2745.643500000003
1488,2315.7224999999994
1489,889.2742
1490,2226.477100000001
1491,2342.1140999999993
1492,1528.4270000000013
1493,2951.576799999998
1494,1343.542799999999
1495,2940.689099999998
1496,2283.4350000000013
1497,1777.5279999999987
1498,6255.863400000006
1499,3332.245399999998
1500,1283.269999999999
1501,2606.3976999999986
1502,2922.1013000000003
1503,1578.144800000001
1504,1188.3644999999995
1505,2877.2118000000023
1506,866.8142999999998
1507,3073.5388999999996
1508,2590.957199999998
1509,938.0879999999999
1510,3108.4354000000017
1511,1004.5961999999994
1512,2215.757099999999
1513,1009.0399000000002
1514,2256.356499999999
1515,1688.0614000000005
1516,1275.8183999999999
1517,2174.5616999999997
1518,1644.0387999999994
1519,1818.1524999999992
1520,1843.5
1521,2778.3826000000026
1522,1953.0405000000007
1523,2476.2544999999986
1524,1945.8717999999994
1525,2605.846199999999
1526,1471.1181999999994
1527,2319.301999999999
1528,1495.8217000000004
1529,3017.039499999997
1530,6077.965900000001
1531,1330.1184000000003
1532,2228.232399999999
1533,1288.4043000000001
1534,2547.000499999999
1535,3517.193900000002
1536,1014.197199999999
1537,1629.7688000000003
1538,1896.7866999999997
1539,1488.4080000000001
1540,1600.6480999999992
1541,3116.1430000000023
1542,4409.379100000002
1543,1057.2131999999995
1544,3606.003600000001
1545,1386.0428000000006
1546,940.2263000000004
1547,3756.655999999998
1548,1387.1155000000008
1549,3747.8007999999977
1550,1932.5795999999996
1551,1415.508099999999
1552,2728.7140000000027
1553,5972.515999999998
1554,1413.7824999999993
1555,1092.6558999999988
1556,2009.5539999999994
1557,2504.3199999999997
1558,3140.8544000000034
1559,2715.6115999999984
1560,2176.9863000000005
1561,1764.202700000001
1562,780.7406000000004
1563,1443.8554000000004
1564,1208.0490999999995
1565,4035.5623999999993
1566,1840.5585
1567,2281.5328000000004
1568,1174.5179999999998
1569,1260.7362999999991
1570,3231.9283999999984
1571,2473.4883999999993
1572,4023.425699999998
1573,3169.187199999999
1574,1773.6042000000007
1575,1678.1474000000003
1576,1371.1575000000003
1577,4201.386300000004
1578,1013.4781999999992
1579,1675.5628999999994
1580,1122.0991999999999
1581,2916.251500000004
1582,2124.9709
1583,1306.2552000000003
1584,2876.1682
1585,2823.2798999999986
1586,1021.8038000000008
1587,1724.091500000001
1588,2197.6517999999983
1589,711.0876999999995
1590,1286.5132999999985
1591,1832.6965999999995
1592,1785.7226
1593,2128.7825000000007
1594,1366.1010999999999
1595,1065.3850999999993
1596,5014.644700000001
1597,1753.7077999999995
1598,1469.5048000000004
1599,3984.621000000001
1600,953.9986999999996
1601,1676.3516000000006
1602,1095.8480999999997
1603,1657.7724999999994
1604,2113.982900000001
1605,2022.4347000000002
1606,2323.8958000000016
1607,1302.8568000000005
1608,2761.373299999998
1609,4389.273499999997
1610,2344.8617000000004
1611,3009.629999999999
1612,4467.438199999997
1613,1104.1927999999996
1614,1721.3781999999994
1615,1461.8282999999992
1616,3213.3033000000037
1617,2172.2466999999997
1618,1964.7078999999999
1619,1073.6498999999997
1620,4194.056099999998
1621,1919.217
1622,1562.3596
1623,4236.136500000001
1624,2276.6471999999994
1625,1191.0595999999991
1626,2644.7703000000015
1627,7223.405500000001
1628,1211.1294999999989
1629,1442.503599999999
1630,1662.3111999999996
1631,946.8182
1632,2409.095600000002
1633,1737.0540000000003
1634,1471.2903999999994
1635,2243.7259000000013
1636,2909.419800000002
1637,5225.618599999995
1638,859.5172999999999
1639,5746.063499999997
1640,1815.0988
1641,1590.455
1642,2138.7545999999998
1643,1981.6287999999984
1644,1335.4662999999998
1645,1692.4664000000005
1646,2073.0728999999997
1647,961.7958000000002
1648,3802.6956999999993
1649,942.7433999999995
1650,4010.9166000000014
1651,1761.8964999999994
1652,2692.765599999999
1653,1180.5656
1654,3057.6467999999995
1655,5246.275899999997
1656,1906.9074999999998
1657,2249.3503
1658,1746.6518999999994
1659,1449.8689999999995
1660,1892.2886999999976
1661,4029.2492999999986
1662,1880.9416999999996
1663,1751.4305000000002
1664,1079.0598999999995
1665,2395.9117999999994
1666,2734.8768
1667,5273.6076
1668,2437.7624
1669,705.1117000000002
1670,1674.9434999999999
1671,3802.9262999999983
1672,2526.400599999999
1673,1006.6697000000006
1674,1470.7299999999998
1675,1827.411500000001
1676,1479.7851999999998
1677,711.2074000000007
1678,1353.5313000000006
1679,2841.2643
1680,3080.1222000000007
1681,1967.7033999999999
1682,1468.6891000000012
1683,1617.088899999999
1684,1356.6148
1685,4870.574499999999
1686,1198.3223000000007
1687,2903.0172000000007
1688,4188.0913999999975
1689,1087.0882000000006
1690,2877.824700000002
1691,7949.469899999996
1692,4538.429200000002
1693,4218.8373
1694,1243.9582
1695,2217.0313000000006
1696,1759.0011000000002
1697,988.3562000000004
1698,4456.440199999998
1699,1932.6978000000004
1700,1475.1252000000004
1701,526.1455999999997
1702,2406.934700000001
1703,5361.131899999999
1704,1073.8348999999994
1705,819.6112
1706,1791.2216999999996
1707,1277.8388000000007
1708,2507.8775999999993
1709,6262.081100000001
1710,915.7214000000005
1711,1319.1100999999994
1712,1532.8000000000002
1713,3818.2304999999965
1714,2281.5077000000006
1715,2566.6236999999996
1716,2551.6183000000015
1717,2383.0285
1718,4365.998399999996
1719,2399.8129999999996
1720,529.4145000000001
1721,2071.1004000000016
1722,976.4442000000001
1723,1329.569400000001
1724,2039.4513000000009
1725,2331.6361000000006
1726,5546.580599999998
1727,1218.6920999999998
1728,1084.3595999999993
1729,2220.4766
1730,2479.487100000002
1731,3706.035699999999
1732,2525.4609
1733,3656.273999999995
1734,1603.5026999999995
1735,1135.1131999999996
1736,2703.996099999998
1737,816.8577999999997
1738,1406.698699999999
1739,1929.764199999998
1740,2196.1286999999984
1741,1785.0833000000005
1742,1597.8078
1743,5474.848900000001
1744,2079.3272000000015
1745,2007.498399999999
1746,1766.8774999999994
1747,1221.8482000000001
1748,4686.071399999998
1749,3026.2325999999985
1750,4695.6175
1751,2470.5029000000013
1752,1065.5692000000001
1753,2602.168600000002
1754,3026.5034999999993
1755,1691.1104000000005
1756,3272.188600000003
1757,2001.2350999999994
1758,1496.0981000000006
1759,1604.5212000000001
1760,3134.6992000000023
1761,1514.0227000000002
1762,1541.6891
1763,647.9246000000002
1764,1454.3013999999994
1765,3117.526900000001
1766,993.3809000000001
1767,1092.1315000000004
1768,1831.9396999999997
1769,1383.344500000001
1770,2609.5745000000006
1771,7840.329499999998
1772,1266.6647999999993
1773,1070.7486999999999
1774,1241.0727
1775,2468.2197000000006
1776,2552.968999999998
1777,1367.8815999999988
1778,1421.8028999999985
1779,2665.846999999998
1780,4274.276299999999
1781,4399.736099999998
1782,2957.1334000000006
1783,1587.2215000000008
1784,5649.525600000002
1785,1953.0676999999987
1786,5241.801999999996
1787,4257.539599999998
1788,3011.134800000001
1789,1537.5496000000007
1790,2659.908199999999
1791,1245.0356000000008
1792,1251.728900000001
1793,2396.4754999999996
1794,4442.5907
1795,1336.527799999999
1796,6346.433500000001
1797,2865.7656000000015
1798,1204.8274000000006
1799,3271.045200000001
1800,1679.3343999999995
1801,895.4327000000002
1802,6898.168300000002
1803,1212.8907000000002
1804,8186.7217
1805,2341.9930999999997
1806,6300.281300000003
1807,1459.2263
1808,960.6948000000001
1809,1257.2218000000007
1810,2226.2955999999986
1811,1424.6071999999988
1812,2267.6177000000002
1813,2240.4957999999997
1814,2259.5163999999995
1815,2167.112400000001
1816,3176.4684000000016
1817,1750.2526999999986
1818,2887.3038
1819,2858.3199000000004
1820,1695.0641999999998
1821,3040.939399999997
1822,4659.000899999999
1823,5238.193900000004
1824,3496.740999999998
1825,3891.7180999999996
1826,1617.6122000000012
1827,2268.230200000001
1828,4505.215399999998
1829,2539.1815
1830,3797.4814000000015
1831,2918.4797999999987
1832,5584.050999999999
1833,1050.8872999999996
1834,1403.4139000000007
1835,1230.2486000000001
1836,2869.7313
1837,6214.335100000005
1838,7856.693900000002
1839,2514.3825
1840,1499.4732999999997
1841,1479.8108000000004
1842,2303.3702000000017
1843,1245.1703000000002
1844,1308.7429
1845,2029.444500000001
1846,1832.0635000000007
1847,4309.416399999997
1848,1959.7231999999995
1849,1455.4485999999993
1850,2201.6521999999995
1851,2880.3026999999997
1852,2271.1542999999992
1853,2586.147399999999
1854,1427.6553000000006
1855,1181.6125000000002
1856,2401.7752000000014
1857,3111.5958999999984
1858,1012.545
1859,3710.860199999996
1860,1973.9985999999988
1861,4385.330099999999
1862,2310.4282
1863,4737.076700000006
1864,1643.6422999999995
1865,1658.5693000000006
1866,3983.8261999999986
1867,2123.8897
1868,2656.0100999999995
1869,3415.9473999999977
1870,2507.9097
1871,1720.3143999999984
1872,2691.0934000000007
1873,2586.369600000001
1874,2169.4735000000005
1875,1217.9497999999999
1876,4091.333299999997
1877,2930.278700000001
1878,3018.1102999999985
1879,1806.5618000000002
1880,1654.7588999999998
1881,2505.3004999999994
1882,1355.7603999999992
1883,1160.3794
1884,1561.214199999999
1885,2056.7073
1886,1494.0601000000013
1887,814.9284
1888,1653.4826999999984
1889,1475.0890999999988
1890,3450.891899999998
1891,4407.098000000001
1892,8165.852399999995
1893,4977.142000000001
1894,1317.5940999999993
1895,3027.206500000002
1896,2383.0009999999993
1897,6834.795000000001
1898,3165.1144000000018
1899,1877.856
1900,6085.357600000002
1901,3211.608200000002
1902,7808.098299999996
1903,2913.7763000000014
1904,4111.745099999997
1905,4667.1122000000005
1906,2051.9456999999993
1907,8989.966299999998
1908,1636.022500000001
1909,1132.0888999999993
1910,4540.732800000001
1911,769.1283999999999
1912,483.4066000000001
1913,1103.5509999999997
1914,1705.7114000000008
1915,1681.551100000001
1916,2331.008200000001
1917,1261.6266999999998
1918,2595.5784999999987
1919,1676.2002999999995
1920,1427.7240999999988
1921,765.8996000000001
1922,2312.8203000000008
1923,4144.9079999999985
1924,3854.6577000000016
1925,1396.0782000000013
1926,1922.134699999999
1927,1782.9480999999982
1928,1909.3482999999997
1929,805.8456
1930,2677.4183999999987
1931,2179.306400000001
1932,1668.4978
1933,989.5257999999999
1934,1110.9497999999994
1935,2355.555899999999
1936,3121.1803999999997
1937,2005.430700000001
1938,1692.191400000001
1939,3088.7636999999986
1940,5131.807800000002
1941,1680.7809
1942,1986.4832999999999
1943,4792.208900000001
1944,2049.9899000000005
1945,2021.4223000000004
1946,4438.7455
1947,1727.462100000001
1948,1958.2887000000012
1949,2262.1425
1950,2399.862599999999
1951,4320.652899999998
1952,3217.854099999999
1953,1010.5715999999999
1954,1037.9106999999995
1955,2252.904999999999
1956,1748.2793000000008
1957,1344.4011000000007
1958,1878.1785000000007
1959,2012.4687999999983
1960,3176.6800000000007
1961,2056.4246999999978
1962,3619.5692999999987
1963,3156.7663000000007
1964,642.3624
1965,2567.9389000000006
1966,2804.701700000001
1967,1147.6795000000004
1968,5086.764199999998
1969,1467.6851000000006
1970,2886.6714
1971,986.873
1972,3412.0371999999975
1973,1915.7578
1974,1238.5078
1975,2129.100499999999
1976,2496.7798999999995
1977,1625.349399999999
1978,2076.3506999999995
1979,1142.9392000000005
1980,2106.236400000001
1981,808.4848000000006
1982,3189.3316999999975
1983,961.0598
1984,1489.0691000000006
1985,1586.2056
1986,1114.4908999999998
1987,2350.7129999999997
1988,1219.5010000000004
1989,4171.5664
1990,1830.0890999999997
1991,2747.235499999999
1992,3023.704099999997
1993,3075.5166999999988
1994,2604.1043000000013
1995,2167.3426999999997
1996,1901.4902999999997
1997,2425.830199999999
1998,1091.7046
1999,2958.304799999998
2000,933.2180999999996
2001,1472.2063999999998
2002,3738.444799999997
2003,1649.2497
2004,1631.3681999999994
2005,1098.9774
2006,4939.783299999998
2007,1104.3396
2008,5764.6323
2009,1034.6446000000005
2010,1515.2508000000003
2011,4516.217700000001
2012,3002.2239000000027
2013,3141.754599999998
2014,2666.5816999999993
2015,5208.835000000001
2016,1995.7140999999992
2017,2446.0137000000004
2018,1396.5696999999998
2019,1668.2705999999994
2020,1237.6760000000002
2021,5628.953400000001
2022,1702.9433000000004
2023,3275.286800000002
2024,3192.343100000003
2025,2388.485300000001
2026,1757.2385999999992
2027,2271.024500000001
2028,5327.646999999998
2029,2596.024000000001
2030,2140.767599999998
2031,2940.6697000000045
2032,1861.7328
2033,2500.8721000000005
2034,587.8703999999998
2035,1591.4026999999996
2036,1149.960199999999
2037,763.0952999999995
2038,1645.729699999998
2039,2456.4249999999997
2040,4039.624899999997
2041,1920.6999999999982
2042,1276.3944999999985
2043,2471.3397000000014
2044,1097.0409
2045,1804.697699999999
2046,1765.0237000000002
2047,773.8254999999999
2048,5733.528199999998
2049,738.3704999999999
2050,1116.4403999999995
2051,3113.2143
2052,1093.5706
2053,2679.8730000000014
2054,2870.886099999998
2055,1174.1170999999993
2056,1370.532
2057,2851.704300000002
2058,8007.3313999999955
2059,2786.6296999999986
2060,1483.8412999999991
2061,3137.7338000000004
2062,1658.0087000000003
2063,1463.7167999999992
2064,3206.3002
2065,5662.199499999996
2066,2163.0207000000005
2067,1899.5664000000004
2068,1428.2052
2069,1698.688699999999
2070,1550.1594
2071,1109.7736000000002
2072,2758.506600000001
2073,1743.1144000000008
2074,2501.935400000001
2075,1048.5203
2076,1475.8791000000006
2077,2006.788100000001
2078,1430.1188
2079,5430.801600000001
2080,2455.2353000000003
2081,1644.7922999999998
2082,1994.1697000000006
2083,2205.0309999999995
2084,1552.8635999999997
2085,1316.2327999999993
2086,2775.4371999999985
2087,3159.0824999999986
2088,1408.5232000000003
2089,1697.5466999999992
2090,2675.977600000002
2091,765.4654999999998
2092,2896.0339000000004
2093,1897.9868000000001
2094,6202.974500000002
2095,1736.2161999999992
2096,1035.5602000000001
2097,1791.099200000001
2098,1773.8961999999995
2099,3502.8254999999986
2100,2073.8431
2101,1398.3935999999992
2102,529.1912
2103,2562.9057000000003
2104,2650.615500000002
2105,3105.095
2106,2874.021500000002
2107,4801.676100000002
2108,1850.6633
2109,1116.3145999999995
2110,1936.2433999999994
2111,5162.933299999999
2112,6165.756300000003
2113,1235.3270000000007
2114,2127.3776000000003
2115,929.5521999999997
2116,2087.9572000000003
2117,1835.0167999999985
2118,857.2121999999997
2119,2035.4273999999991
2120,2159.2810999999997
2121,4095.1462000000006
2122,2454.2914999999994
2123,1944.1825000000003
2124,1042.6419999999996
2125,1650.1783999999998
2126,6639.394400000004
2127,4478.599999999997
2128,2483.2868999999996
2129,2066.2533000000003
2130,1358.3784000000012
2131,3484.1695999999984
2132,5843.016900000003
2133,2157.6991000000003
2134,1699.1760999999992
2135,4408.980199999997
2136,2475.9004000000004
2137,1930.9752000000005
2138,4686.1472
2139,1282.8020999999992
2140,1006.9496999999997
2141,1082.6051999999993
2142,1850.0440000000006
2143,1555.2332000000004
2144,1822.4551
2145,3657.919699999997
2146,2285.7772999999997
2147,3082.9743999999982
2148,1736.7322000000006
2149,2530.208200000001
2150,1960.4089999999999
2151,1519.3175000000008
2152,6255.1227
2153,2389.5377000000003
2154,1731.0342
2155,3268.2837999999992
2156,6166.161400000004
2157,3127.9689999999996
2158,2938.318700000001
2159,838.1090999999998
2160,3089.750000000002
2161,2298.6345999999985
2162,2384.1684
2163,1541.1139999999991
2164,2266.7525000000005
2165,3741.906400000001
2166,685.33
2167,2272.8109999999983
2168,2753.5488000000014
2169,1300.8442000000002
2170,2310.8568999999984
2171,4997.758799999995
2172,2651.3768000000005
2173,2532.5773
2174,1176.9615999999996
2175,2277.3987000000006
2176,3193.8622999999993
2177,1382.3357999999987
2178,4508.335899999999
2179,1771.2526000000007
2180,3109.0852999999997
2181,1874.4644000000012
2182,878.1843999999994
2183,1863.0716999999995
2184,2154.2315999999996
2185,1254.4124000000002
2186,2050.180399999999
2187,1309.1246999999996
2188,1705.7788999999998
2189,2870.305999999999
2190,940.7985000000004
2191,2163.455799999999
2192,1406.9803999999997
2193,2500.8319999999985
2194,2625.3796
2195,2863.8792000000017
2196,2817.6661000000017
2197,1772.9275000000002
2198,1912.1059999999989
2199,881.3608000000002
2200,1657.8866000000003
2201,1167.0109999999993
2202,2112.9316000000013
2203,2953.2509999999993
2204,2178.426099999999
2205,5765.7407
2206,1763.7578999999996
2207,782.1163000000004
2208,1283.0287
2209,3902.7078999999985
2210,1984.2441999999999
2211,2717.5537000000018
2212,2510.2250000000004
2213,2406.0604999999996
2214,4463.824399999997
2215,1801.3370000000002
2216,2207.4348
2217,1798.5564000000002
2218,822.9517
2219,4823.020100000001
2220,1995.8048999999974
2221,1185.9649000000002
2222,2610.8538000000026
2223,3116.4944999999993
2224,1746.1434999999983
2225,3704.785800000002
2226,1684.350599999999
2227,1154.6242000000002
2228,1026.213
2229,1809.8501999999987
2230,1668.2104999999997
2231,3985.975399999997
2232,3396.4119000000023
2233,3105.7736000000023
2234,7406.913999999997
2235,1076.3977000000002
2236,2402.134599999999
2237,1188.6673
2238,5063.041699999997
2239,1909.260499999998
2240,814.3306000000001
2241,1009.7716999999991
2242,6034.436100000003
2243,2745.2484000000013
2244,4991.326999999997
2245,2161.235500000001
2246,3677.557900000001
2247,1275.9788999999985
2248,1474.9436
2249,2773.7803000000004
2250,2419.302700000002
2251,3155.8592
2252,1447.0353000000002
2253,3910.931199999998
2254,1570.3455000000008
2255,2540.7365000000004
2256,2255.7892999999995
2257,3939.073499999999
2258,8072.258099999995
2259,1331.8509999999994
2260,1948.4208000000006
2261,1164.5510999999992
2262,1068.4560999999997
2263,1083.1509000000005
2264,2396.439599999999
2265,1630.727399999999
2266,2970.2754000000014
2267,3591.874599999999
2268,1070.9504000000002
2269,5187.7288000000035
2270,1815.5836000000004
2271,1012.2367000000007
2272,1055.9321
2273,1978.969200000001
2274,1661.4689999999994
2275,1176.3381999999997
2276,3282.6794000000027
2277,1525.8734000000009
2278,1029.0533000000005
2279,4224.8893
2280,3636.7632999999973
2281,843.0467999999996
2282,2561.987
2283,1698.6049000000014
2284,1886.5268000000005
2285,1940.2111999999993
2286,757.5547
2287,1001.0261999999997
2288,4405.103799999998
2289,3429.657599999998
2290,2531.159999999999
2291,2572.4197000000013
2292,4726.210199999998
2293,1816.2241000000006
2294,2605.974
2295,3249.9521000000013
2296,784.9973000000007
2297,1203.1117000000004
2298,5812.579400000006
2299,1188.899
2300,4036.7359999999962
2301,2013.1477000000004
2302,1105.7081
2303,1633.7838999999994
2304,5881.214100000007
2305,1702.0919999999996
2306,2187.7466000000013
2307,2153.1916
2308,1399.343800000001
2309,2087.3762000000006
2310,1517.1303999999989
2311,3333.241899999998
2312,2941.250900000003
2313,6639.730599999998
2314,1068.819999999999
2315,888.6055999999999
2316,4449.608999999996
2317,3099.473100000001
2318,2796.8745000000013
2319,1036.1987999999994
2320,1781.088299999999
2321,2767.321800000001
2322,1810.527599999999
2323,1318.8131000000005
2324,3013.004999999998
2325,4982.845299999997
2326,2113.2597999999994
2327,1960.3931999999993
2328,3613.358399999998
2329,5440.766100000003
2330,1684.7217000000005
2331,3324.2041999999997
2332,4778.658500000002
2333,1565.2415999999998
2334,2520.073599999998
2335,2966.461500000001
2336,961.4387999999993
2337,806.9474000000002
2338,3753.335399999998
2339,1417.4523000000002
2340,5913.614800000002
2341,1814.7963
2342,1569.2968999999998
2343,2436.3400000000006
2344,2126.8028999999997
2345,1264.7025999999998
2346,2165.471999999999
2347,2184.9977999999996
2348,1255.2457000000002
2349,3134.636600000002
2350,899.0463999999994
2351,2716.620999999998
2352,1667.209599999999
2353,1816.8766999999998
2354,1556.9465999999995
